name,start_floor,destination,when_to_add
fce34d71-f4ac-46b3-8d9b-66d882f84ad8,1,45,1
6b38b5f3-5bbb-4f4c-92c3-ad410bae817a,84,89,2
74b9f9d6-8ef5-4187-9f11-399948133a6a,98,11,3
e9109a7b-548b-4426-95ec-9d1354599488,58,52,4
f9df9174-0fa3-4af7-b093-34d6e5f8ecf1,86,13,5
d046c561-aa2d-4763-bb79-f062f81e7feb,47,18,6
e467730f-518b-4da9-bbe6-01763f8f14a8,80,78,7
ab8cd248-71c8-49cf-b99d-38fdca328767,55,90,8
40082525-b5ff-4cfd-a715-f98bce6f95ac,35,32,9
a1413598-4f17-494c-b6f7-76e9745f7f77,6,68,10
7c0fbd44-8ebd-4832-bb81-7b5d3d21d828,65,20,11
e58fcd8e-6d0c-41ec-9bed-cfa0da72ad45,92,22,12
deaedee8-af95-4eab-b22d-c134b3bd36ea,77,2,13
153ce284-c0b7-4bf2-8b4f-2a4d1268eabb,66,16,14
e5554fb5-dde1-476b-87eb-5fe423c0f722,69,81,15
4caac21f-aca8-4413-8eac-821df2523bc2,56,49,16
2a80849b-cf0f-4a98-9919-0b5f74ef7195,87,75,17
0687a569-8c17-478f-a514-e1234bc3f20a,94,87,18
08f23a03-c5a3-43b1-abe1-4d50a9d366e7,23,94,19
5db9c574-1199-4f71-b511-8eef7671a3fa,38,26,20
e9ec6506-8a88-4865-b27e-7f29113d24ae,59,21,21
559c3a3d-17ca-4e9e-b08b-19fb91737cc4,12,24,22
54eba65c-5f55-4f11-97e0-d5fbd4f5182c,97,61,23
6f2369eb-0971-4b63-ba2e-a239ec6ed10d,31,38,24
49bc8e8f-6c2c-434d-890d-e8203485266f,49,98,25
875cb423-2452-4426-a783-ca42c8713e68,52,79,26
6da48798-b7a4-4e2b-9340-3e06fe3be01b,53,46,27
dcc25567-d113-4832-ae82-0e462188ad10,17,73,28
c58afd26-0ae7-4fe2-af29-e32533c50866,46,60,29
4d0ef8c9-e1f7-4b56-9bd6-6c2b45fb7769,67,6,30
aa1fff05-ea17-4824-8cde-8b17e0ef7e18,72,54,31
09269d5e-39be-443c-bb6a-9d694f167820,51,37,32
27bf42af-5c8c-4c2f-8ab6-70a2f057be52,91,71,33
32690dd7-c2d4-4e20-bc35-8438ac70128a,57,72,34
4a7dbd3a-cf1d-4f08-91ef-261023e907d7,20,5,35
9df79916-09a5-4de6-a6a1-1d1eaf887b2a,79,57,36
cc2d53ea-b905-4329-bdeb-efc8f13e5527,5,33,37
8e8e6476-dd39-4663-b829-073599ffe5b8,21,53,38
2d72c33e-6193-4a6d-a23e-33eee537e88a,42,19,39
fbd6e8da-e0f5-4274-8c6d-d0f786783151,13,44,40
3dd7366c-eae6-4dfb-b104-306348c65d29,16,64,41
89cf42ed-dc35-4216-bfd6-7ab8186e23fe,61,51,42
7533defd-d846-4bbc-a8c0-ec664188eb84,26,39,43
04e40375-ec22-493f-8e67-7f108ee5a7dc,82,47,44
8e8759e1-13d5-4025-8fd7-af052ca1459a,41,43,45
520509bb-ba2f-4a43-976f-70cb6bbf676c,62,95,46
cbc860b1-eb72-4797-b423-bff8e915c989,99,35,47
c27f33e2-7223-44df-b987-b1e3b35be503,45,31,48
d40eb7cc-5e33-4f1e-adb5-95522a9c7176,34,41,49
ec9cea08-35a3-4cf9-8a48-4e4b1fd2cfb7,9,25,50
04dfb669-462e-4d3e-b7af-60c0f5fbda10,85,55,51
20615f8e-5ee9-4d0f-b38b-1f84bf8cf305,74,76,52
952a250a-96d1-4449-9897-8b461669ec06,96,3,53
7308cfb5-44b4-444b-83c5-ad1003965f85,19,84,54
bca990bd-4286-474d-80e9-35012a8a4142,40,17,55
f67e8ca2-fb93-4d23-a7f7-797c07eed123,50,77,56
0104974b-04bd-4d4a-b5d0-722ad335800a,30,36,57
f37f8e95-6d12-4971-9582-9973ce0f84ab,81,66,58
dc6ba622-9138-4c7f-a000-6498b804ef11,63,34,59
ecea580d-1f5b-4e03-b077-d7249aca51f6,89,83,60
8b051d84-f241-4e59-a804-142ca757277e,88,85,61
ed958142-01c1-4984-bfa3-f98a30f252fc,8,42,62
c903cda9-ebdb-4f5e-bec2-498a88092d74,100,59,63
1d1c2551-c721-4999-96d2-ad247ba3b463,95,50,64
ef863f8a-97c7-4846-825a-e9f0bc378dc5,7,58,65
9f7cd9bd-e6b3-4d5f-a685-e8126025a372,4,27,66
87db0503-1def-4e39-b099-93824ef9048c,39,96,67
78ef3286-7825-4d8c-8bf9-b5fd040971ee,54,15,68
3d0ca797-9a6f-4ae2-89ca-4d3a504faeb0,68,40,69
b26ddc86-5e18-40e0-bf52-60ee2b9d9d34,76,88,70
3eeb7440-822e-477d-a742-134187eb8546,11,28,71
0a739082-bafa-4a7b-8c6b-7bc5497404fb,37,70,72
e6394df5-1088-42e0-892c-43a4cda5e189,33,48,73
1cb80318-6a5f-44d1-9397-f636bc98ffd3,27,97,74
de159fca-fe2e-4ffb-84df-c1fdbc00bc6d,28,93,75
4a20b9c2-38da-417c-a32a-1513d755dbb0,64,65,76
9f35efd4-b1ac-4bae-8221-f22b48da1f37,71,92,77
c583cedd-adde-46a6-b940-a19d3dfdc39d,22,63,78
039b07a8-e63d-4047-b08b-d96546736059,2,8,79
d44323ef-412c-4992-9675-cba9f94b0c3a,78,14,80
587ac1b7-2ee4-41b4-9678-ebde9afc3470,24,69,81
d1bdb6a5-1bc4-414d-9068-8fbd5e52fbe4,48,7,82
6dbe6d47-ff04-4274-9ec0-8d0079cc731b,43,100,83
610c2c57-cb36-4235-ae02-366955bb2437,32,9,84
63f9d240-6889-4087-ba42-aa889f2a6f08,18,12,85
b6767709-991b-48cc-8d9b-9eba3c776e8f,73,23,86
6b19cb59-31c4-43fb-b47f-907b219ffc7f,36,86,87
b9a0c6c3-b6ea-4a2f-af66-7a80a22b3214,70,4,88
80ffa5bb-ed17-4377-a0a3-e1024f6e6b47,83,99,89
40f3a890-5492-4d6e-9d89-38c695c050d3,25,67,90
8c1a9a51-b3e5-4373-95f7-511c862535b7,93,56,91
af396221-bd45-4958-9f54-7d2c667f5f72,14,62,92
2e1a923f-41eb-4083-8fb0-ab2ead770436,44,91,93
a86fcf78-b218-4e67-9732-ca6fd7718b10,75,10,94
ecba00d9-106a-4e92-ab34-2bb668971fa8,29,80,95
a3c6782c-0b31-4142-9a7c-401f1bb66903,15,30,96
751f147f-d210-49a5-ad45-562248ecde2e,3,82,97
3895c780-811e-42e7-935c-8ec8e6e1c7bb,60,29,98
c2950180-c897-43a1-8bb7-173276cbb979,10,1,99